RunMe,LastUpdated,RecentEndDate,Project,LongName,ContentNotes,Dict,SASprog,RawData,PreNc,PostNc,PreTime,PostTime,IDVar,Evaluation,Behavior
,4/30/2019,,ADHDApr,ADHD April 2015,,ADHDApr15_DataDict_2018_09_27tab.txt,ADHDSurveyUpdatedApr_SAS_2019-04-30_1549.sas,ADHDSurveyUpdatedApr_DATA_NOHDRS,2,0,adhd_initial_survey_timestamp,adhd_post_survey_timestamp,participant_id_i,,
,2/19/2021,,ADHDOct,ADHD October 2017,,ADHDOct17_DataDict_2018-09-27tab.txt,ADHDSurveyUpdatedOct_SAS_2019-10-09_1542.sas,ADHDSurveyUpdatedOct_DATA_NOHDRS,2,0,adhd_initial_survey_timestamp,adhd_post_survey_timestamp,participant_id_i,,
,1/29/2021,,Adol,Adolescent health,,AdolescentHealthSurveys_DataDictionary_2019-07-12tab.txt,AdolescentHealthSurv_SAS_2019-11-11_1522.sas,AdolescentHealthSurv_DATA_NOHDRS,2,2,adolescent_health_pr_v_0,adolescent_health_po_v_2,record_id,,
x,1/11/2022,,CPA,Complex pediatric asthma,,ComplexPediatricAsthmaSurvey_DataDictionary_2019-08-13.txt,ComplexPediatricAsth_SAS_2019-10-09_1551.SAS,ComplexPediatricAsth_DATA_NOHDRS,2,3,complex_pediatric_as_v_0,complex_pediatric_as_v_2,participant_id_i,,
,4/8/2021,,BHColl,Behavioral - Collaborative Care,,BHColl_DataDict_2018_09_27tab.txt,BehavioralHealthInte_SAS_2021-04-08_1202.sas,BehavioralHealthInte_DATA_NOHDRS,0,3,behavioral_health_in_v_0,behavioral_health_in_v_2,record_id,,
,1/29/2021,,BHPsy,Behavioral - Psy,,BHPsy_DataDict_2018_09_27tab.txt,BehavioralHealthInte_SAS_2019-11-07_1208.sas,BehavioralHealthInte_DATA_NOHDRS,0,3,preseries_survey_timestamp,postseries_survey_timestamp,record_id,,
,6/3/2021,,CAT,Childhood Adversity and Trauma,,ChildhoodAdversityTraumaSurvey_DataDictionary_2019-11-01.txt,ChildhoodAdversityTr_SAS_2019-10-31_1213.sas,ChildhoodAdversityTr_DATA_NOHDRS,0,2,childhood_adversity__v_0,childhood_adversity__v_2,record_id,,
,,,CCLC1,Comprehensive Care,Only post? No past participation.,CompCare_DataDict_2018_09_27tab.txt,ComprehensiveCareLea_SAS_2019-04-30_1556.sas,ComprehensiveCareLea_DATA_NOHDRS,,,preseries_survey_timestamp,postseries_survey_timestamp,participant_id_i,,
,,,CCLC2,Comprehensive Care 2,No demog. Only post?,CompCar2_DataDict_2018-09-27tab.txt,ComprehensiveCareLea_SAS_2019-04-30_1556.sas,ComprehensiveCareLea_DATA_NOHDRS,,,cclc_preseries_2_sur_v_0,postseries_survey_timestamp,record_id,,
,1/6/2022,,Diabetes,Diabetes,,DiabetesSurveys_DataDictionary_2020-07-06tab.txt,DiabetesSurveys_SAS_2020-07-06_1929.sas,DiabetesSurveys_DATA_NOHDRS.csv,2,3,diabetes_preseries_s_v_0,diabetes_postseries__v_4,record_id,,
,10/10/2019,2015,Epilepsy,Epilepsy,abandoned DO NOT RUN,Epilepsy_DataDict_2018_09_27tab.txt,ChildYouthEpilepsySu_SAS_2019-04-30_1553.sas,ChildYouthEpilepsySu_DATA_NOHDRS,2,0,child_youth_epilepsy_v_0,child_youth_epilepsy_v_2,record_id,,
,12/16/2021,,Geri,Geriatrics,,ECHOChicagoGeriatricsSurvey_DataDictionary_2018-09-19tab.txt,GeriatricsPrimaryCar_SAS_2019-04-30_1559.sas,GeriatricsPrimaryCar_DATA_NOHDRS,0,3,geriatrics_survey_timestamp,geriatrics_postserie_v_0,record_id,,
,11/7/2019,,GeriSNF,Geriatrics SNF,,ECHOChicagoGeriatricsSNFSurvey_DataDictionary_2018-09-27tab.txt,GeriatricsSNFSurveys_SAS_2019-11-07_1137.sas,GeriatricsSNFSurveys_DATA_NOHDRS,2,5,geriatrics_survey_timestamp,geriatrics_postserie_v_0,record_id,,
,1/13/2021,,HCV,HCV,,HCV_DataDict_2018_12_07tab.txt,HepCSurveyUpdatedDec_SAS_2020-07-01_1007.sas,HepCSurveyUpdatedDec_DATA_NOHDRS,2,0,hep_c_preseries_surv_v_0,hep_c_postseries_sur_v_2,record_id_i,,
,1/5/2022,,HCVEthic,HCV - Ethic era,,EthicHepatitisCSurvey_DataDictionary_2021-09-07tab.txt,EthicHepatitisCSurve_SAS_2021-09-07_1218.sas,EthicHepatitisCSurve_DATA_NOHDRS.csv,2,2,hep_c_preseries_surv_v_0,hep_c_postseries_sur_v_2,record_id_i,Yes,No
,11/7/2019,,HCVmgmt,HCV case mgmt,,HCVMgmtDataDict_2019_02_14tab.txt,HepatitisCCaseManage_SAS_2019-04-30_1601.sas,HepatitisCCaseManage_DATA_NOHDRS,2,0,hepatitis_c_case_man_v_0,hepatitis_c_case_man_v_2,record_id_i,,
,9/27/2021,,HTN,Hypertension,,HTNDataDict_2018_09_27tab.txt ,HTNSurveyUpdatedJuly_SAS_2019-11-07_1236.sas,HTNSurveyUpdatedJuly_DATA_NOHDRS,2,0,htn_preseries_survey_timestamp,htn_postseries_surve_v_0,participant_id_i,,
,10/15/2021,,Obesity,Obesity,,Obesity_DataDict_2018_09_27tab.txt,ChildhoodObesitySurv_SAS_2019-10-10_1333.sas,ChildhoodObesitySurv_DATA_NOHDRS,2,0,childhood_obesity_in_v_0,childhood_obesity_po_v_2,participant_id_i,,
,11/29/2021,,Opiates,Opiates,,Opiates_DataDict_2018_09_27tab.txt,OpioidUseDisorderSur_SAS_2019-10-10_1341.sas,OpioidUseDisorderSur_DATA_NOHDRS,2,0,oud_preseries_survey_timestamp,oud_postseries_surve_v_0,participant_id_i,,
,12/15/2020,,RBWH,Women's Health,,RBWH_DataDict_2018_09_27tab.txt,RBWHLongitudinalSurv_SAS_2020-01-22_1646.sas,RBWHLongitudinalSurv_DATA_NOHDRS,2,0,riskbased_approach_t_v_0,riskbased_approach_t_v_2,participant_id_i,,
,10/20/2021,,SMI,Serious Mental Illness,,SeriousMentalIllnessSurveyAugu_DataDictionary_2019-11-21.txt,SeriousMentalIllness_SAS_2019-11-21_1414.sas,SeriousMentalIllness_DATA_NOHDRS,0,3,serious_mental_illne_v_0,serious_mental_illne_v_2,record_id,,
,8/11/2020,,SSALC,Social Service Alignment Learning Collaborative,,SSALCSurveysJan2019_DataDictionary_2019-09-30.txt,SSALCSurveysJan2019_SAS_2019-04-30_1612.sas,SSALCSurveysJan2019_DATA_NOHDRS,2,2,ssalc_pre_survey_timestamp,ssalc_post_survey_timestamp,record_id,,
,1/5/2021,,CPACare,Asthma for Caregivers,,AsthmaForCaregiversSurvey_DataDictionary_2021-01-05tab.txt,AsthmaForCaregiversS_SAS_2021-01-05_1305.sas,AsthmaForCaregiversS_DATA_NOHDRS.csv,0,2,asthma_for_caregiver_v_0,asthma_for_caregiver_v_2,record_id,,
,6/16/2021,,OUDED,ETHIC OUD in the ED,,ETHICOUDEDSurveys_DataDictionary_2021-06-16.txt,ETHICOUDEDSurveys_SAS_2021-06-16_0826.sas,ETHICOUDEDSurveys_DATA_NOHDRS.csv,2,2,ouded_preseries_surv_v_0,ouded_postseries_sur_v_2,record_id_i,,
,11/17/2021,,OUDOlder,OUD and Pain Management in Older Adults,,OUDPainManagementInOlderAdults_DataDictionary_2021-11-17.txt,OUDPainManagementInO_SAS_2021-11-17_1208.sas,OUDPainManagementInO_DATA_NOHDRS.csv,0,2,pre_survey_timestamp,post_survey_timestamp,record_id,,
